,country_id,next_week_increase_decrease
0,Belgium 9/7/2020,1
1,Belgium 9/8/2020,1
2,Belgium 9/9/2020,1
3,Belgium 9/10/2020,1
4,Belgium 9/11/2020,1
5,Belgium 9/12/2020,1
6,Belgium 9/13/2020,1
7,Belgium 9/14/2020,1
8,Belgium 9/15/2020,1
9,Belgium 9/16/2020,1
10,Belgium 9/17/2020,1
11,Belgium 9/18/2020,1
12,Belgium 9/19/2020,1
13,Belgium 9/20/2020,1
14,Belgium 9/21/2020,1
15,Belgium 9/22/2020,1
16,Belgium 9/23/2020,1
17,Belgium 9/24/2020,1
18,Belgium 9/25/2020,1
19,Belgium 9/26/2020,1
20,Belgium 9/27/2020,1
21,Belgium 9/28/2020,0
22,Belgium 9/29/2020,0
23,Belgium 9/30/2020,0
24,Belgium 10/1/2020,0
25,Belgium 10/2/2020,0
26,Belgium 10/3/2020,0
27,Belgium 10/4/2020,0
28,Belgium 11/30/2020,0
29,Belgium 12/1/2020,0
30,Belgium 12/2/2020,0
31,Belgium 12/3/2020,0
32,Belgium 12/4/2020,0
33,Belgium 12/5/2020,0
34,Belgium 12/6/2020,0
35,Belgium 12/7/2020,0
36,Belgium 12/8/2020,0
37,Belgium 12/9/2020,0
38,Belgium 12/10/2020,0
39,Belgium 12/11/2020,0
40,Belgium 12/12/2020,0
41,Belgium 12/13/2020,0
42,Belgium 12/14/2020,0
43,Belgium 12/15/2020,0
44,Belgium 12/16/2020,0
45,Belgium 12/17/2020,0
46,Belgium 12/18/2020,0
47,Belgium 12/19/2020,0
48,Belgium 12/20/2020,0
49,Belgium 12/21/2020,0
50,Belgium 12/22/2020,0
51,Belgium 12/23/2020,0
52,Belgium 12/24/2020,0
53,Belgium 12/25/2020,0
54,Belgium 12/26/2020,0
55,Belgium 12/27/2020,0
56,Belgium 3/1/2021,1
57,Belgium 3/2/2021,1
58,Belgium 3/3/2021,1
59,Belgium 3/4/2021,1
60,Belgium 3/5/2021,1
61,Belgium 3/6/2021,1
62,Belgium 3/7/2021,1
63,Belgium 3/8/2021,1
64,Belgium 3/9/2021,1
65,Belgium 3/10/2021,1
66,Belgium 3/11/2021,1
67,Belgium 3/12/2021,1
68,Belgium 3/13/2021,1
69,Belgium 3/14/2021,1
70,Belgium 3/15/2021,1
71,Belgium 3/16/2021,1
72,Belgium 3/17/2021,1
73,Belgium 3/18/2021,1
74,Belgium 3/19/2021,1
75,Belgium 3/20/2021,1
76,Belgium 3/21/2021,1
77,Belgium 3/22/2021,1
78,Belgium 3/23/2021,1
79,Belgium 3/24/2021,1
80,Belgium 3/25/2021,1
81,Belgium 3/26/2021,1
82,Belgium 3/27/2021,1
83,Belgium 3/28/2021,1
84,Croatia 9/7/2020,0
85,Croatia 9/8/2020,0
86,Croatia 9/9/2020,0
87,Croatia 9/10/2020,0
88,Croatia 9/11/2020,0
89,Croatia 9/12/2020,0
90,Croatia 9/13/2020,0
91,Croatia 9/14/2020,0
92,Croatia 9/15/2020,0
93,Croatia 9/16/2020,0
94,Croatia 9/17/2020,0
95,Croatia 9/18/2020,0
96,Croatia 9/19/2020,0
97,Croatia 9/20/2020,0
98,Croatia 9/21/2020,0
99,Croatia 9/22/2020,0
100,Croatia 9/23/2020,0
101,Croatia 9/24/2020,0
102,Croatia 9/25/2020,0
103,Croatia 9/26/2020,0
104,Croatia 9/27/2020,0
105,Croatia 9/28/2020,0
106,Croatia 9/29/2020,1
107,Croatia 9/30/2020,0
108,Croatia 10/1/2020,0
109,Croatia 10/2/2020,0
110,Croatia 10/3/2020,0
111,Croatia 10/4/2020,0
112,Croatia 11/30/2020,1
113,Croatia 12/1/2020,1
114,Croatia 12/2/2020,1
115,Croatia 12/3/2020,1
116,Croatia 12/4/2020,1
117,Croatia 12/5/2020,1
118,Croatia 12/6/2020,1
119,Croatia 12/7/2020,1
120,Croatia 12/8/2020,1
121,Croatia 12/9/2020,1
122,Croatia 12/10/2020,1
123,Croatia 12/11/2020,1
124,Croatia 12/12/2020,1
125,Croatia 12/13/2020,1
126,Croatia 12/14/2020,1
127,Croatia 12/15/2020,1
128,Croatia 12/16/2020,1
129,Croatia 12/17/2020,1
130,Croatia 12/18/2020,1
131,Croatia 12/19/2020,1
132,Croatia 12/20/2020,1
133,Croatia 12/21/2020,0
134,Croatia 12/22/2020,0
135,Croatia 12/23/2020,0
136,Croatia 12/24/2020,0
137,Croatia 12/25/2020,0
138,Croatia 12/26/2020,0
139,Croatia 12/27/2020,0
140,Croatia 3/1/2021,0
141,Croatia 3/2/2021,0
142,Croatia 3/3/2021,0
143,Croatia 3/4/2021,0
144,Croatia 3/5/2021,0
145,Croatia 3/6/2021,0
146,Croatia 3/7/2021,0
147,Croatia 3/8/2021,0
148,Croatia 3/9/2021,0
149,Croatia 3/10/2021,0
150,Croatia 3/11/2021,0
151,Croatia 3/12/2021,0
152,Croatia 3/13/2021,0
153,Croatia 3/14/2021,0
154,Croatia 3/15/2021,0
155,Croatia 3/16/2021,0
156,Croatia 3/17/2021,0
157,Croatia 3/18/2021,0
158,Croatia 3/19/2021,0
159,Croatia 3/20/2021,0
160,Croatia 3/21/2021,0
161,Croatia 3/22/2021,0
162,Croatia 3/23/2021,0
163,Croatia 3/24/2021,0
164,Croatia 3/25/2021,0
165,Croatia 3/26/2021,0
166,Croatia 3/27/2021,0
167,Croatia 3/28/2021,0
168,Cyprus 9/7/2020,0
169,Cyprus 9/8/2020,0
170,Cyprus 9/9/2020,0
171,Cyprus 9/10/2020,0
172,Cyprus 9/11/2020,0
173,Cyprus 9/12/2020,0
174,Cyprus 9/13/2020,0
175,Cyprus 9/14/2020,0
176,Cyprus 9/15/2020,0
177,Cyprus 9/16/2020,0
178,Cyprus 9/17/2020,0
179,Cyprus 9/18/2020,0
180,Cyprus 9/19/2020,0
181,Cyprus 9/20/2020,0
182,Cyprus 9/21/2020,0
183,Cyprus 9/22/2020,0
184,Cyprus 9/23/2020,0
185,Cyprus 9/24/2020,0
186,Cyprus 9/25/2020,0
187,Cyprus 9/26/2020,0
188,Cyprus 9/27/2020,0
189,Cyprus 9/28/2020,0
190,Cyprus 9/29/2020,0
191,Cyprus 9/30/2020,0
192,Cyprus 10/1/2020,0
193,Cyprus 10/2/2020,0
194,Cyprus 10/3/2020,0
195,Cyprus 10/4/2020,0
196,Cyprus 11/30/2020,0
197,Cyprus 12/1/2020,0
198,Cyprus 12/2/2020,0
199,Cyprus 12/3/2020,0
200,Cyprus 12/4/2020,0
201,Cyprus 12/5/2020,0
202,Cyprus 12/6/2020,0
203,Cyprus 12/7/2020,0
204,Cyprus 12/8/2020,0
205,Cyprus 12/9/2020,0
206,Cyprus 12/10/2020,0
207,Cyprus 12/11/2020,0
208,Cyprus 12/12/2020,0
209,Cyprus 12/13/2020,0
210,Cyprus 12/14/2020,0
211,Cyprus 12/15/2020,0
212,Cyprus 12/16/2020,0
213,Cyprus 12/17/2020,0
214,Cyprus 12/18/2020,0
215,Cyprus 12/19/2020,0
216,Cyprus 12/20/2020,0
217,Cyprus 12/21/2020,0
218,Cyprus 12/22/2020,0
219,Cyprus 12/23/2020,0
220,Cyprus 12/24/2020,0
221,Cyprus 12/25/2020,0
222,Cyprus 12/26/2020,0
223,Cyprus 12/27/2020,0
224,Cyprus 3/1/2021,0
225,Cyprus 3/2/2021,0
226,Cyprus 3/3/2021,0
227,Cyprus 3/4/2021,0
228,Cyprus 3/5/2021,0
229,Cyprus 3/6/2021,0
230,Cyprus 3/7/2021,0
231,Cyprus 3/8/2021,0
232,Cyprus 3/9/2021,0
233,Cyprus 3/10/2021,0
234,Cyprus 3/11/2021,0
235,Cyprus 3/12/2021,0
236,Cyprus 3/13/2021,0
237,Cyprus 3/14/2021,0
238,Cyprus 3/15/2021,0
239,Cyprus 3/16/2021,0
240,Cyprus 3/17/2021,0
241,Cyprus 3/18/2021,0
242,Cyprus 3/19/2021,0
243,Cyprus 3/20/2021,0
244,Cyprus 3/21/2021,0
245,Cyprus 3/22/2021,0
246,Cyprus 3/23/2021,0
247,Cyprus 3/24/2021,0
248,Cyprus 3/25/2021,0
249,Cyprus 3/26/2021,0
250,Cyprus 3/27/2021,0
251,Cyprus 3/28/2021,0
252,Czechia 9/7/2020,1
253,Czechia 9/8/2020,1
254,Czechia 9/9/2020,1
255,Czechia 9/10/2020,1
256,Czechia 9/11/2020,1
257,Czechia 9/12/2020,1
258,Czechia 9/13/2020,1
259,Czechia 9/14/2020,1
260,Czechia 9/15/2020,1
261,Czechia 9/16/2020,1
262,Czechia 9/17/2020,1
263,Czechia 9/18/2020,1
264,Czechia 9/19/2020,1
265,Czechia 9/20/2020,1
266,Czechia 9/21/2020,1
267,Czechia 9/22/2020,1
268,Czechia 9/23/2020,1
269,Czechia 9/24/2020,1
270,Czechia 9/25/2020,1
271,Czechia 9/26/2020,1
272,Czechia 9/27/2020,1
273,Czechia 9/28/2020,1
274,Czechia 9/29/2020,1
275,Czechia 9/30/2020,1
276,Czechia 10/1/2020,1
277,Czechia 10/2/2020,1
278,Czechia 10/3/2020,1
279,Czechia 10/4/2020,1
280,Czechia 11/30/2020,0
281,Czechia 12/1/2020,0
282,Czechia 12/2/2020,0
283,Czechia 12/3/2020,0
284,Czechia 12/4/2020,0
285,Czechia 12/5/2020,0
286,Czechia 12/6/2020,0
287,Czechia 12/7/2020,1
288,Czechia 12/8/2020,1
289,Czechia 12/9/2020,1
290,Czechia 12/10/2020,1
291,Czechia 12/11/2020,1
292,Czechia 12/12/2020,1
293,Czechia 12/13/2020,1
294,Czechia 12/14/2020,1
295,Czechia 12/15/2020,1
296,Czechia 12/16/2020,1
297,Czechia 12/17/2020,1
298,Czechia 12/18/2020,1
299,Czechia 12/19/2020,1
300,Czechia 12/20/2020,1
301,Czechia 12/21/2020,1
302,Czechia 12/22/2020,1
303,Czechia 12/23/2020,1
304,Czechia 12/24/2020,1
305,Czechia 12/25/2020,1
306,Czechia 12/26/2020,1
307,Czechia 12/27/2020,1
308,Czechia 3/1/2021,1
309,Czechia 3/2/2021,1
310,Czechia 3/3/2021,1
311,Czechia 3/4/2021,1
312,Czechia 3/5/2021,1
313,Czechia 3/6/2021,1
314,Czechia 3/7/2021,1
315,Czechia 3/8/2021,1
316,Czechia 3/9/2021,1
317,Czechia 3/10/2021,1
318,Czechia 3/11/2021,1
319,Czechia 3/12/2021,1
320,Czechia 3/13/2021,1
321,Czechia 3/14/2021,1
322,Czechia 3/15/2021,0
323,Czechia 3/16/2021,0
324,Czechia 3/17/2021,0
325,Czechia 3/18/2021,0
326,Czechia 3/19/2021,0
327,Czechia 3/20/2021,0
328,Czechia 3/21/2021,0
329,Czechia 3/22/2021,0
330,Czechia 3/23/2021,0
331,Czechia 3/24/2021,0
332,Czechia 3/25/2021,0
333,Czechia 3/26/2021,0
334,Czechia 3/27/2021,0
335,Czechia 3/28/2021,0
336,Denmark 9/7/2020,1
337,Denmark 9/8/2020,1
338,Denmark 9/9/2020,1
339,Denmark 9/10/2020,1
340,Denmark 9/11/2020,1
341,Denmark 9/12/2020,1
342,Denmark 9/13/2020,1
343,Denmark 9/14/2020,1
344,Denmark 9/15/2020,1
345,Denmark 9/16/2020,1
346,Denmark 9/17/2020,1
347,Denmark 9/18/2020,1
348,Denmark 9/19/2020,1
349,Denmark 9/20/2020,1
350,Denmark 9/21/2020,1
351,Denmark 9/22/2020,1
352,Denmark 9/23/2020,1
353,Denmark 9/24/2020,1
354,Denmark 9/25/2020,1
355,Denmark 9/26/2020,1
356,Denmark 9/27/2020,1
357,Denmark 9/28/2020,1
358,Denmark 9/29/2020,1
359,Denmark 9/30/2020,1
360,Denmark 10/1/2020,1
361,Denmark 10/2/2020,1
362,Denmark 10/3/2020,1
363,Denmark 10/4/2020,1
364,Denmark 11/30/2020,1
365,Denmark 12/1/2020,1
366,Denmark 12/2/2020,1
367,Denmark 12/3/2020,1
368,Denmark 12/4/2020,1
369,Denmark 12/5/2020,1
370,Denmark 12/6/2020,1
371,Denmark 12/7/2020,1
372,Denmark 12/8/2020,1
373,Denmark 12/9/2020,1
374,Denmark 12/10/2020,1
375,Denmark 12/11/2020,1
376,Denmark 12/12/2020,1
377,Denmark 12/13/2020,1
378,Denmark 12/14/2020,1
379,Denmark 12/15/2020,1
380,Denmark 12/16/2020,1
381,Denmark 12/17/2020,1
382,Denmark 12/18/2020,1
383,Denmark 12/19/2020,1
384,Denmark 12/20/2020,1
385,Denmark 12/21/2020,1
386,Denmark 12/22/2020,1
387,Denmark 12/23/2020,1
388,Denmark 12/24/2020,1
389,Denmark 12/25/2020,1
390,Denmark 12/26/2020,1
391,Denmark 12/27/2020,1
392,Denmark 3/1/2021,0
393,Denmark 3/2/2021,0
394,Denmark 3/3/2021,0
395,Denmark 3/4/2021,0
396,Denmark 3/5/2021,0
397,Denmark 3/6/2021,0
398,Denmark 3/7/2021,0
399,Denmark 3/8/2021,0
400,Denmark 3/9/2021,0
401,Denmark 3/10/2021,0
402,Denmark 3/11/2021,0
403,Denmark 3/12/2021,0
404,Denmark 3/13/2021,0
405,Denmark 3/14/2021,0
406,Denmark 3/15/2021,1
407,Denmark 3/16/2021,1
408,Denmark 3/17/2021,1
409,Denmark 3/18/2021,1
410,Denmark 3/19/2021,1
411,Denmark 3/20/2021,1
412,Denmark 3/21/2021,1
413,Denmark 3/22/2021,1
414,Denmark 3/23/2021,1
415,Denmark 3/24/2021,1
416,Denmark 3/25/2021,1
417,Denmark 3/26/2021,1
418,Denmark 3/27/2021,1
419,Denmark 3/28/2021,1
420,Estonia 9/7/2020,0
421,Estonia 9/8/2020,0
422,Estonia 9/9/2020,0
423,Estonia 9/10/2020,0
424,Estonia 9/11/2020,0
425,Estonia 9/12/2020,0
426,Estonia 9/13/2020,0
427,Estonia 9/14/2020,0
428,Estonia 9/15/2020,0
429,Estonia 9/16/2020,0
430,Estonia 9/17/2020,0
431,Estonia 9/18/2020,0
432,Estonia 9/19/2020,0
433,Estonia 9/20/2020,0
434,Estonia 9/21/2020,0
435,Estonia 9/22/2020,0
436,Estonia 9/23/2020,0
437,Estonia 9/24/2020,0
438,Estonia 9/25/2020,0
439,Estonia 9/26/2020,0
440,Estonia 9/27/2020,0
441,Estonia 9/28/2020,0
442,Estonia 9/29/2020,0
443,Estonia 9/30/2020,0
444,Estonia 10/1/2020,0
445,Estonia 10/2/2020,0
446,Estonia 10/3/2020,0
447,Estonia 10/4/2020,0
448,Estonia 11/30/2020,1
449,Estonia 12/1/2020,1
450,Estonia 12/2/2020,1
451,Estonia 12/3/2020,1
452,Estonia 12/4/2020,1
453,Estonia 12/5/2020,0
454,Estonia 12/6/2020,0
455,Estonia 12/7/2020,1
456,Estonia 12/8/2020,1
457,Estonia 12/9/2020,1
458,Estonia 12/10/2020,0
459,Estonia 12/11/2020,0
460,Estonia 12/12/2020,0
461,Estonia 12/13/2020,0
462,Estonia 12/14/2020,1
463,Estonia 12/15/2020,1
464,Estonia 12/16/2020,1
465,Estonia 12/17/2020,1
466,Estonia 12/18/2020,1
467,Estonia 12/19/2020,1
468,Estonia 12/20/2020,0
469,Estonia 12/21/2020,1
470,Estonia 12/22/2020,1
471,Estonia 12/23/2020,1
472,Estonia 12/24/2020,1
473,Estonia 12/25/2020,1
474,Estonia 12/26/2020,1
475,Estonia 12/27/2020,1
476,Estonia 3/1/2021,1
477,Estonia 3/2/2021,1
478,Estonia 3/3/2021,1
479,Estonia 3/4/2021,1
480,Estonia 3/5/2021,1
481,Estonia 3/6/2021,1
482,Estonia 3/7/2021,1
483,Estonia 3/8/2021,1
484,Estonia 3/9/2021,1
485,Estonia 3/10/2021,1
486,Estonia 3/11/2021,1
487,Estonia 3/12/2021,1
488,Estonia 3/13/2021,1
489,Estonia 3/14/2021,1
490,Estonia 3/15/2021,1
491,Estonia 3/16/2021,1
492,Estonia 3/17/2021,1
493,Estonia 3/18/2021,1
494,Estonia 3/19/2021,1
495,Estonia 3/20/2021,1
496,Estonia 3/21/2021,1
497,Estonia 3/22/2021,0
498,Estonia 3/23/2021,0
499,Estonia 3/24/2021,0
500,Estonia 3/25/2021,0
501,Estonia 3/26/2021,0
502,Estonia 3/27/2021,0
503,Estonia 3/28/2021,0
504,Iceland 9/7/2020,0
505,Iceland 9/8/2020,0
506,Iceland 9/9/2020,0
507,Iceland 9/10/2020,0
508,Iceland 9/11/2020,0
509,Iceland 9/12/2020,0
510,Iceland 9/13/2020,0
511,Iceland 9/15/2020,0
512,Iceland 9/16/2020,0
513,Iceland 9/17/2020,0
514,Iceland 9/18/2020,0
515,Iceland 9/19/2020,0
516,Iceland 9/20/2020,0
517,Iceland 9/21/2020,0
518,Iceland 9/22/2020,0
519,Iceland 9/23/2020,0
520,Iceland 9/24/2020,0
521,Iceland 9/25/2020,0
522,Iceland 9/26/2020,0
523,Iceland 9/27/2020,0
524,Iceland 9/28/2020,0
525,Iceland 10/4/2020,0
526,Iceland 11/30/2020,0
527,Iceland 12/1/2020,0
528,Iceland 12/2/2020,0
529,Iceland 12/3/2020,0
530,Iceland 12/4/2020,0
531,Iceland 12/8/2020,0
532,Iceland 12/9/2020,0
533,Iceland 12/10/2020,0
534,Iceland 12/11/2020,0
535,Iceland 12/12/2020,0
536,Iceland 12/13/2020,0
537,Iceland 12/14/2020,0
538,Iceland 12/15/2020,0
539,Iceland 12/16/2020,0
540,Iceland 12/17/2020,0
541,Iceland 12/18/2020,0
542,Iceland 12/19/2020,0
543,Iceland 12/20/2020,0
544,Iceland 12/21/2020,0
545,Iceland 12/22/2020,0
546,Iceland 12/27/2020,0
547,Iceland 3/3/2021,0
548,Iceland 3/7/2021,0
549,Iceland 3/8/2021,0
550,Iceland 3/9/2021,0
551,Iceland 3/14/2021,0
552,Iceland 3/18/2021,0
553,Iceland 3/21/2021,0
554,Iceland 3/25/2021,0
555,Iceland 3/28/2021,0
556,Ireland 9/7/2020,0
557,Ireland 9/8/2020,0
558,Ireland 9/9/2020,0
559,Ireland 9/10/2020,0
560,Ireland 9/11/2020,0
561,Ireland 9/12/2020,0
562,Ireland 9/13/2020,0
563,Ireland 9/14/2020,0
564,Ireland 9/15/2020,0
565,Ireland 9/16/2020,0
566,Ireland 9/17/2020,0
567,Ireland 9/18/2020,0
568,Ireland 9/19/2020,0
569,Ireland 9/20/2020,0
570,Ireland 9/21/2020,1
571,Ireland 9/22/2020,1
572,Ireland 9/23/2020,1
573,Ireland 9/24/2020,1
574,Ireland 9/25/2020,1
575,Ireland 9/26/2020,1
576,Ireland 9/27/2020,1
577,Ireland 9/28/2020,1
578,Ireland 9/29/2020,1
579,Ireland 9/30/2020,1
580,Ireland 10/1/2020,1
581,Ireland 10/2/2020,1
582,Ireland 10/3/2020,1
583,Ireland 10/4/2020,1
584,Ireland 11/30/2020,0
585,Ireland 12/1/2020,0
586,Ireland 12/2/2020,0
587,Ireland 12/3/2020,0
588,Ireland 12/4/2020,0
589,Ireland 12/5/2020,0
590,Ireland 12/6/2020,0
591,Ireland 12/7/2020,0
592,Ireland 12/8/2020,0
593,Ireland 12/9/2020,0
594,Ireland 12/10/2020,0
595,Ireland 12/11/2020,0
596,Ireland 12/12/2020,0
597,Ireland 12/13/2020,0
598,Ireland 12/14/2020,0
599,Ireland 12/15/2020,0
600,Ireland 12/16/2020,0
601,Ireland 12/17/2020,0
602,Ireland 12/18/2020,0
603,Ireland 12/19/2020,0
604,Ireland 12/20/2020,0
605,Ireland 12/21/2020,0
606,Ireland 12/22/2020,0
607,Ireland 12/23/2020,0
608,Ireland 12/24/2020,0
609,Ireland 12/25/2020,0
610,Ireland 12/26/2020,0
611,Ireland 12/27/2020,0
612,Ireland 3/1/2021,0
613,Ireland 3/2/2021,0
614,Ireland 3/3/2021,0
615,Ireland 3/4/2021,0
616,Ireland 3/5/2021,0
617,Ireland 3/6/2021,0
618,Ireland 3/7/2021,0
619,Ireland 3/8/2021,0
620,Ireland 3/9/2021,0
621,Ireland 3/10/2021,0
622,Ireland 3/11/2021,0
623,Ireland 3/12/2021,0
624,Ireland 3/13/2021,0
625,Ireland 3/14/2021,0
626,Ireland 3/15/2021,0
627,Ireland 3/16/2021,0
628,Ireland 3/17/2021,0
629,Ireland 3/18/2021,0
630,Ireland 3/19/2021,0
631,Ireland 3/20/2021,0
632,Ireland 3/21/2021,0
633,Ireland 3/22/2021,0
634,Ireland 3/23/2021,0
635,Ireland 3/24/2021,0
636,Ireland 3/25/2021,0
637,Ireland 3/26/2021,0
638,Ireland 3/27/2021,0
639,Ireland 3/28/2021,0
640,Italy 9/7/2020,0
641,Italy 9/8/2020,0
642,Italy 9/9/2020,0
643,Italy 9/10/2020,0
644,Italy 9/11/2020,0
645,Italy 9/12/2020,0
646,Italy 9/13/2020,0
647,Italy 9/14/2020,0
648,Italy 9/15/2020,0
649,Italy 9/16/2020,0
650,Italy 9/17/2020,0
651,Italy 9/18/2020,0
652,Italy 9/19/2020,0
653,Italy 9/20/2020,0
654,Italy 9/21/2020,0
655,Italy 9/22/2020,0
656,Italy 9/23/2020,0
657,Italy 9/24/2020,0
658,Italy 9/25/2020,0
659,Italy 9/26/2020,0
660,Italy 9/27/2020,0
661,Italy 9/28/2020,0
662,Italy 9/29/2020,0
663,Italy 9/30/2020,0
664,Italy 10/1/2020,0
665,Italy 10/2/2020,0
666,Italy 10/3/2020,0
667,Italy 10/4/2020,0
668,Italy 11/30/2020,0
669,Italy 12/1/2020,0
670,Italy 12/2/2020,0
671,Italy 12/3/2020,0
672,Italy 12/4/2020,0
673,Italy 12/5/2020,0
674,Italy 12/6/2020,0
675,Italy 12/7/2020,0
676,Italy 12/8/2020,0
677,Italy 12/9/2020,0
678,Italy 12/10/2020,0
679,Italy 12/11/2020,0
680,Italy 12/12/2020,0
681,Italy 12/13/2020,0
682,Italy 12/14/2020,0
683,Italy 12/15/2020,0
684,Italy 12/16/2020,0
685,Italy 12/17/2020,0
686,Italy 12/18/2020,0
687,Italy 12/19/2020,0
688,Italy 12/20/2020,0
689,Italy 12/21/2020,0
690,Italy 12/22/2020,0
691,Italy 12/23/2020,0
692,Italy 12/24/2020,0
693,Italy 12/25/2020,1
694,Italy 12/26/2020,1
695,Italy 12/27/2020,1
696,Italy 3/1/2021,1
697,Italy 3/2/2021,1
698,Italy 3/3/2021,1
699,Italy 3/4/2021,0
700,Italy 3/5/2021,0
701,Italy 3/6/2021,0
702,Italy 3/7/2021,0
703,Italy 3/8/2021,0
704,Italy 3/9/2021,0
705,Italy 3/10/2021,0
706,Italy 3/11/2021,0
707,Italy 3/12/2021,0
708,Italy 3/13/2021,0
709,Italy 3/14/2021,0
710,Italy 3/15/2021,0
711,Italy 3/16/2021,0
712,Italy 3/17/2021,0
713,Italy 3/18/2021,0
714,Italy 3/19/2021,0
715,Italy 3/20/2021,0
716,Italy 3/21/2021,0
717,Italy 3/22/2021,0
718,Italy 3/23/2021,0
719,Italy 3/24/2021,0
720,Italy 3/25/2021,0
721,Italy 3/26/2021,0
722,Italy 3/27/2021,0
723,Italy 3/28/2021,0
724,Lithuania 11/30/2020,0
725,Lithuania 12/1/2020,0
726,Lithuania 12/2/2020,0
727,Lithuania 12/3/2020,0
728,Lithuania 12/4/2020,0
729,Lithuania 12/5/2020,0
730,Lithuania 12/6/2020,0
731,Lithuania 12/14/2020,0
732,Lithuania 12/15/2020,0
733,Lithuania 12/16/2020,0
734,Lithuania 12/17/2020,0
735,Lithuania 12/18/2020,0
736,Lithuania 12/19/2020,0
737,Lithuania 12/20/2020,0
738,Lithuania 12/21/2020,0
739,Lithuania 12/22/2020,0
740,Lithuania 12/23/2020,0
741,Lithuania 12/24/2020,0
742,Lithuania 12/25/2020,0
743,Lithuania 12/26/2020,0
744,Lithuania 12/27/2020,0
745,Lithuania 3/1/2021,0
746,Lithuania 3/2/2021,0
747,Lithuania 3/3/2021,0
748,Lithuania 3/4/2021,0
749,Lithuania 3/7/2021,0
750,Lithuania 3/8/2021,0
751,Lithuania 3/9/2021,0
752,Lithuania 3/10/2021,0
753,Lithuania 3/11/2021,0
754,Lithuania 3/12/2021,0
755,Lithuania 3/13/2021,0
756,Lithuania 3/14/2021,0
757,Lithuania 3/15/2021,0
758,Lithuania 3/16/2021,0
759,Lithuania 3/17/2021,0
760,Lithuania 3/18/2021,0
761,Lithuania 3/19/2021,0
762,Lithuania 3/20/2021,0
763,Lithuania 3/21/2021,0
764,Lithuania 3/22/2021,0
765,Lithuania 3/23/2021,0
766,Lithuania 3/24/2021,0
767,Lithuania 3/25/2021,0
768,Lithuania 3/26/2021,0
769,Lithuania 3/28/2021,0
770,Netherlands 9/7/2020,1
771,Netherlands 9/8/2020,1
772,Netherlands 9/9/2020,1
773,Netherlands 9/10/2020,1
774,Netherlands 9/11/2020,1
775,Netherlands 9/12/2020,1
776,Netherlands 9/13/2020,1
777,Netherlands 9/14/2020,1
778,Netherlands 9/15/2020,1
779,Netherlands 9/16/2020,1
780,Netherlands 9/17/2020,1
781,Netherlands 9/18/2020,1
782,Netherlands 9/19/2020,1
783,Netherlands 9/20/2020,1
784,Netherlands 9/21/2020,1
785,Netherlands 9/22/2020,1
786,Netherlands 9/23/2020,1
787,Netherlands 9/24/2020,1
788,Netherlands 9/25/2020,1
789,Netherlands 9/26/2020,1
790,Netherlands 9/27/2020,1
791,Netherlands 9/28/2020,1
792,Netherlands 9/29/2020,1
793,Netherlands 9/30/2020,1
794,Netherlands 10/1/2020,1
795,Netherlands 10/2/2020,1
796,Netherlands 10/3/2020,1
797,Netherlands 10/4/2020,1
798,Netherlands 11/30/2020,0
799,Netherlands 12/1/2020,0
800,Netherlands 12/2/2020,0
801,Netherlands 12/3/2020,0
802,Netherlands 12/4/2020,0
803,Netherlands 12/5/2020,0
804,Netherlands 12/6/2020,0
805,Netherlands 12/7/2020,0
806,Netherlands 12/8/2020,0
807,Netherlands 12/9/2020,0
808,Netherlands 12/10/2020,0
809,Netherlands 12/11/2020,0
810,Netherlands 12/12/2020,0
811,Netherlands 12/13/2020,0
812,Netherlands 12/14/2020,1
813,Netherlands 12/15/2020,1
814,Netherlands 12/16/2020,1
815,Netherlands 12/17/2020,1
816,Netherlands 12/18/2020,1
817,Netherlands 12/19/2020,1
818,Netherlands 12/20/2020,1
819,Netherlands 12/21/2020,1
820,Netherlands 12/22/2020,0
821,Netherlands 12/23/2020,0
822,Netherlands 12/24/2020,0
823,Netherlands 12/25/2020,0
824,Netherlands 12/26/2020,0
825,Netherlands 12/27/2020,0
826,Netherlands 3/1/2021,1
827,Netherlands 3/2/2021,1
828,Netherlands 3/3/2021,1
829,Netherlands 3/4/2021,1
830,Netherlands 3/5/2021,1
831,Netherlands 3/6/2021,1
832,Netherlands 3/7/2021,1
833,Netherlands 3/8/2021,1
834,Netherlands 3/9/2021,1
835,Netherlands 3/10/2021,1
836,Netherlands 3/11/2021,1
837,Netherlands 3/12/2021,1
838,Netherlands 3/13/2021,1
839,Netherlands 3/14/2021,1
840,Netherlands 3/15/2021,1
841,Netherlands 3/16/2021,1
842,Netherlands 3/17/2021,1
843,Netherlands 3/18/2021,1
844,Netherlands 3/19/2021,1
845,Netherlands 3/20/2021,1
846,Netherlands 3/21/2021,1
847,Netherlands 3/22/2021,1
848,Netherlands 3/23/2021,1
849,Netherlands 3/24/2021,1
850,Netherlands 3/25/2021,1
851,Netherlands 3/26/2021,1
852,Netherlands 3/27/2021,1
853,Netherlands 3/28/2021,1
854,Norway 9/7/2020,0
855,Norway 9/8/2020,0
856,Norway 9/9/2020,0
857,Norway 9/10/2020,0
858,Norway 9/11/2020,0
859,Norway 9/14/2020,0
860,Norway 9/15/2020,0
861,Norway 9/16/2020,0
862,Norway 9/17/2020,0
863,Norway 9/18/2020,0
864,Norway 9/21/2020,0
865,Norway 9/22/2020,0
866,Norway 9/23/2020,0
867,Norway 9/24/2020,0
868,Norway 9/25/2020,0
869,Norway 9/28/2020,0
870,Norway 9/29/2020,0
871,Norway 9/30/2020,0
872,Norway 10/1/2020,0
873,Norway 10/2/2020,0
874,Norway 11/30/2020,1
875,Norway 12/1/2020,1
876,Norway 12/2/2020,1
877,Norway 12/3/2020,1
878,Norway 12/4/2020,1
879,Norway 12/5/2020,1
880,Norway 12/6/2020,1
881,Norway 12/7/2020,0
882,Norway 12/8/2020,0
883,Norway 12/9/2020,0
884,Norway 12/10/2020,0
885,Norway 12/11/2020,0
886,Norway 12/12/2020,0
887,Norway 12/13/2020,0
888,Norway 12/14/2020,0
889,Norway 12/15/2020,0
890,Norway 12/16/2020,0
891,Norway 12/17/2020,0
892,Norway 12/18/2020,0
893,Norway 12/19/2020,0
894,Norway 12/20/2020,0
895,Norway 12/21/2020,1
896,Norway 12/22/2020,1
897,Norway 12/23/2020,1
898,Norway 12/24/2020,1
899,Norway 12/25/2020,1
900,Norway 12/26/2020,1
901,Norway 12/27/2020,1
902,Norway 3/1/2021,0
903,Norway 3/2/2021,0
904,Norway 3/3/2021,0
905,Norway 3/4/2021,0
906,Norway 3/5/2021,0
907,Norway 3/6/2021,0
908,Norway 3/7/2021,0
909,Norway 3/8/2021,1
910,Norway 3/9/2021,1
911,Norway 3/10/2021,1
912,Norway 3/11/2021,1
913,Norway 3/12/2021,1
914,Norway 3/13/2021,0
915,Norway 3/14/2021,0
916,Norway 3/15/2021,1
917,Norway 3/16/2021,1
918,Norway 3/17/2021,1
919,Norway 3/18/2021,1
920,Norway 3/19/2021,1
921,Norway 3/20/2021,1
922,Norway 3/21/2021,1
923,Norway 3/22/2021,1
924,Norway 3/23/2021,1
925,Norway 3/24/2021,1
926,Norway 3/25/2021,1
927,Norway 3/26/2021,1
928,Norway 3/27/2021,1
929,Norway 3/28/2021,1
930,Portugal 9/7/2020,1
931,Portugal 9/8/2020,1
932,Portugal 9/9/2020,1
933,Portugal 9/10/2020,1
934,Portugal 9/11/2020,1
935,Portugal 9/12/2020,1
936,Portugal 9/13/2020,1
937,Portugal 9/14/2020,1
938,Portugal 9/15/2020,1
939,Portugal 9/16/2020,1
940,Portugal 9/17/2020,1
941,Portugal 9/18/2020,1
942,Portugal 9/19/2020,1
943,Portugal 9/20/2020,1
944,Portugal 9/21/2020,1
945,Portugal 9/22/2020,1
946,Portugal 9/23/2020,1
947,Portugal 9/24/2020,1
948,Portugal 9/25/2020,1
949,Portugal 9/26/2020,1
950,Portugal 9/27/2020,1
951,Portugal 9/28/2020,0
952,Portugal 9/29/2020,0
953,Portugal 9/30/2020,0
954,Portugal 10/1/2020,0
955,Portugal 10/2/2020,0
956,Portugal 10/3/2020,0
957,Portugal 10/4/2020,0
958,Portugal 11/30/2020,0
959,Portugal 12/1/2020,0
960,Portugal 12/2/2020,0
961,Portugal 12/3/2020,0
962,Portugal 12/4/2020,0
963,Portugal 12/5/2020,0
964,Portugal 12/6/2020,0
965,Portugal 12/7/2020,0
966,Portugal 12/8/2020,0
967,Portugal 12/9/2020,0
968,Portugal 12/10/2020,0
969,Portugal 12/11/2020,0
970,Portugal 12/12/2020,0
971,Portugal 12/13/2020,0
972,Portugal 12/14/2020,0
973,Portugal 12/15/2020,0
974,Portugal 12/16/2020,0
975,Portugal 12/17/2020,0
976,Portugal 12/18/2020,0
977,Portugal 12/19/2020,0
978,Portugal 12/20/2020,0
979,Portugal 12/21/2020,0
980,Portugal 12/22/2020,0
981,Portugal 12/23/2020,0
982,Portugal 12/24/2020,0
983,Portugal 12/25/2020,0
984,Portugal 12/26/2020,0
985,Portugal 12/27/2020,0
986,Portugal 3/1/2021,0
987,Portugal 3/2/2021,0
988,Portugal 3/3/2021,0
989,Portugal 3/4/2021,0
990,Portugal 3/5/2021,0
991,Portugal 3/6/2021,0
992,Portugal 3/7/2021,0
993,Portugal 3/8/2021,0
994,Portugal 3/9/2021,0
995,Portugal 3/10/2021,0
996,Portugal 3/11/2021,0
997,Portugal 3/12/2021,0
998,Portugal 3/13/2021,0
999,Portugal 3/14/2021,0
1000,Portugal 3/15/2021,0
1001,Portugal 3/16/2021,0
1002,Portugal 3/17/2021,0
1003,Portugal 3/18/2021,0
1004,Portugal 3/19/2021,0
1005,Portugal 3/20/2021,0
1006,Portugal 3/21/2021,0
1007,Portugal 3/22/2021,0
1008,Portugal 3/23/2021,0
1009,Portugal 3/24/2021,0
1010,Portugal 3/25/2021,0
1011,Portugal 3/26/2021,0
1012,Portugal 3/27/2021,0
1013,Portugal 3/28/2021,0
1014,Slovenia 9/7/2020,0
1015,Slovenia 9/8/2020,0
1016,Slovenia 9/9/2020,0
1017,Slovenia 9/10/2020,0
1018,Slovenia 9/11/2020,0
1019,Slovenia 9/12/2020,0
1020,Slovenia 9/13/2020,0
1021,Slovenia 9/14/2020,0
1022,Slovenia 9/15/2020,0
1023,Slovenia 9/16/2020,0
1024,Slovenia 9/17/2020,0
1025,Slovenia 9/18/2020,0
1026,Slovenia 9/19/2020,0
1027,Slovenia 9/20/2020,0
1028,Slovenia 9/21/2020,0
1029,Slovenia 9/22/2020,0
1030,Slovenia 9/23/2020,0
1031,Slovenia 9/24/2020,0
1032,Slovenia 9/25/2020,0
1033,Slovenia 9/26/2020,0
1034,Slovenia 9/27/2020,0
1035,Slovenia 9/28/2020,0
1036,Slovenia 9/29/2020,0
1037,Slovenia 9/30/2020,0
1038,Slovenia 10/1/2020,0
1039,Slovenia 10/2/2020,0
1040,Slovenia 10/3/2020,0
1041,Slovenia 10/4/2020,0
1042,Slovenia 11/30/2020,1
1043,Slovenia 12/1/2020,1
1044,Slovenia 12/2/2020,1
1045,Slovenia 12/3/2020,1
1046,Slovenia 12/4/2020,1
1047,Slovenia 12/5/2020,1
1048,Slovenia 12/6/2020,1
1049,Slovenia 12/7/2020,1
1050,Slovenia 12/8/2020,1
1051,Slovenia 12/9/2020,1
1052,Slovenia 12/10/2020,1
1053,Slovenia 12/11/2020,1
1054,Slovenia 12/12/2020,1
1055,Slovenia 12/13/2020,1
1056,Slovenia 12/14/2020,1
1057,Slovenia 12/15/2020,1
1058,Slovenia 12/16/2020,1
1059,Slovenia 12/17/2020,1
1060,Slovenia 12/18/2020,1
1061,Slovenia 12/19/2020,1
1062,Slovenia 12/20/2020,1
1063,Slovenia 12/21/2020,1
1064,Slovenia 12/22/2020,1
1065,Slovenia 12/23/2020,1
1066,Slovenia 12/24/2020,1
1067,Slovenia 12/25/2020,1
1068,Slovenia 12/26/2020,1
1069,Slovenia 12/27/2020,1
1070,Slovenia 3/1/2021,1
1071,Slovenia 3/2/2021,1
1072,Slovenia 3/3/2021,1
1073,Slovenia 3/4/2021,1
1074,Slovenia 3/5/2021,1
1075,Slovenia 3/6/2021,1
1076,Slovenia 3/7/2021,1
1077,Slovenia 3/8/2021,1
1078,Slovenia 3/9/2021,1
1079,Slovenia 3/10/2021,1
1080,Slovenia 3/11/2021,1
1081,Slovenia 3/12/2021,1
1082,Slovenia 3/13/2021,1
1083,Slovenia 3/14/2021,1
1084,Slovenia 3/15/2021,1
1085,Slovenia 3/16/2021,1
1086,Slovenia 3/17/2021,1
1087,Slovenia 3/18/2021,1
1088,Slovenia 3/19/2021,1
1089,Slovenia 3/20/2021,1
1090,Slovenia 3/21/2021,1
1091,Slovenia 3/22/2021,1
1092,Slovenia 3/23/2021,0
1093,Slovenia 3/24/2021,1
1094,Slovenia 3/25/2021,1
1095,Slovenia 3/26/2021,1
1096,Slovenia 3/27/2021,1
1097,Slovenia 3/28/2021,1
1098,Spain 9/7/2020,1
1099,Spain 9/8/2020,1
1100,Spain 9/9/2020,1
1101,Spain 9/10/2020,1
1102,Spain 9/11/2020,1
1103,Spain 9/14/2020,1
1104,Spain 9/15/2020,1
1105,Spain 9/16/2020,1
1106,Spain 9/17/2020,1
1107,Spain 9/18/2020,1
1108,Spain 9/21/2020,1
1109,Spain 9/22/2020,1
1110,Spain 9/23/2020,1
1111,Spain 9/24/2020,1
1112,Spain 9/25/2020,1
1113,Spain 9/28/2020,0
1114,Spain 9/29/2020,0
1115,Spain 9/30/2020,0
1116,Spain 10/1/2020,0
1117,Spain 10/2/2020,0
1118,Spain 11/30/2020,0
1119,Spain 12/1/2020,0
1120,Spain 12/2/2020,0
1121,Spain 12/3/2020,0
1122,Spain 12/4/2020,0
1123,Spain 12/9/2020,0
1124,Spain 12/10/2020,0
1125,Spain 12/11/2020,0
1126,Spain 12/14/2020,0
1127,Spain 12/15/2020,0
1128,Spain 12/16/2020,0
1129,Spain 12/17/2020,0
1130,Spain 12/18/2020,0
1131,Spain 12/21/2020,0
1132,Spain 12/22/2020,0
1133,Spain 12/23/2020,0
1134,Spain 12/24/2020,0
1135,Spain 3/1/2021,0
1136,Spain 3/2/2021,0
1137,Spain 3/3/2021,0
1138,Spain 3/4/2021,0
1139,Spain 3/5/2021,0
1140,Spain 3/8/2021,0
1141,Spain 3/9/2021,0
1142,Spain 3/10/2021,0
1143,Spain 3/11/2021,0
